material_name,price_etb,price_text,unit,last_checked,detail_url,category,source,scraped_at
Clear Glass - 3mm thick,1202.0,"1,202.00 Brper m2",m2,"May 29, 2024",,Finishing,2merkato.com,2026-02-19 16:44:00
Clear Glass - 4mm thick,1537.0,"1,537.00 Brper m2",m2,"May 29, 2024",,Finishing,2merkato.com,2026-02-19 16:44:00
Clear Glass - 5mm thick,1767.0,"1,767.00 Brper m2",m2,"May 29, 2024",,Finishing,2merkato.com,2026-02-19 16:44:00
Clear Glass - 6mm thick,2495.0,"2,495.00 Brper m2",m2,"May 29, 2024",,Finishing,2merkato.com,2026-02-19 16:44:00
Figured Glass - 4mm thick,1776.0,"1,776.00 Brper m2",m2,"May 29, 2024",,Finishing,2merkato.com,2026-02-19 16:44:00
Clear and Colored  Glass: 5mm,1900.0,"1,900.00 Brper m2",m2,"May 29, 2024",,Finishing,2merkato.com,2026-02-19 16:44:00
Clear and Colored Glass: 6mm,1350.0,"1,350.00 Brper m2",m2,"Dec 1, 2023",,Finishing,2merkato.com,2026-02-19 16:44:00
Figured Glass - 5mm thick,1919.0,"1,919.00 Brper m2",m2,"May 29, 2024",,Finishing,2merkato.com,2026-02-19 16:44:00
Frosted Glass - 3mm thick,1967.0,"1,967.00 Brper m2",m2,"May 29, 2024",,Finishing,2merkato.com,2026-02-19 16:44:00
Frosted Glass - 4mm thick,1120.0,"1,120.00 Brper m2",m2,"May 29, 2024",,Finishing,2merkato.com,2026-02-19 16:44:00
Frosted Glass - 5mm thick,2063.0,"2,063.00 Brper m2",m2,"May 29, 2024",,Finishing,2merkato.com,2026-02-19 16:44:00
Frosted Glass - 6mm thick,2254.0,"2,254.00 Brper m2",m2,"May 29, 2024",,Finishing,2merkato.com,2026-02-19 16:44:00
Laminated Or Security Glass - 6mm thick,2540.0,"2,540.00 Brper m2",m2,"May 29, 2024",,Finishing,2merkato.com,2026-02-19 16:44:00
Reflective Glass - 4mm thick,1584.0,"1,584.00 Brper m2",m2,"May 29, 2024",,Finishing,2merkato.com,2026-02-19 16:44:00
Reflective Glass - 5mm thick,1000.0,"1,000.00 Brper m2",m2,"May 29, 2024",,Finishing,2merkato.com,2026-02-19 16:44:00
Reflective Glass - 5mm thick ocean blue ref.,1967.0,"1,967.00 Brper m2",m2,"May 29, 2024",,Finishing,2merkato.com,2026-02-19 16:44:00
Reflective Glass - 6mm thick,2254.0,"2,254.00 Brper m2",m2,"May 29, 2024",,Finishing,2merkato.com,2026-02-19 16:44:00
Tinted Glass - 4mm thick,1490.0,"1,490.00 Brper m2",m2,"May 29, 2024",,Finishing,2merkato.com,2026-02-19 16:44:00
Tinted Glass - 5mm thick,1680.0,"1,680.00 Brper m2",m2,"May 29, 2024",,Finishing,2merkato.com,2026-02-19 16:44:00
Tinted Glass - 6mm thick,2349.0,"2,349.00 Brper m2",m2,"May 29, 2024",,Finishing,2merkato.com,2026-02-19 16:44:00
Wired Glass - 5mm thick,2062.0,"2,062.00 Brper m2",m2,"May 29, 2024",,Finishing,2merkato.com,2026-02-19 16:44:00
Plastic Paint,300.0,300.00 Brper gal,gal,"Jun 1, 2023",,Sanitary,2merkato.com,2026-02-19 16:44:08
Quartz Paint 200 (16lit or 25kg),1550.0,"1,550.00 Brper gal",gal,"Aug 1, 2023",,Sanitary,2merkato.com,2026-02-19 16:44:08
Varnish Paint,1450.0,"1,450.00 Brper gal",gal,"Aug 1, 2023",,Sanitary,2merkato.com,2026-02-19 16:44:08
Budget Emulsion paint,93.0,93.00 Brper lt,lt,"Aug 1, 2023",,Sanitary,2merkato.com,2026-02-19 16:44:08
Super Emulsion paint,144.0,144.00 Brper lt,lt,"Aug 1, 2023",,Sanitary,2merkato.com,2026-02-19 16:44:08
Classic 2000+ Tint colors,642.0,642.00 Brper lt,lt,"Aug 1, 2023",,Sanitary,2merkato.com,2026-02-19 16:44:08
Ecosilk Artique Special Pearl paint,882.0,882.00 Brper kg,kg,"Aug 1, 2023",,Sanitary,2merkato.com,2026-02-19 16:44:08
Perfex Acrylic Emulsion paint,317.0,317.00 Brper lt,lt,"Aug 1, 2023",,Sanitary,2merkato.com,2026-02-19 16:44:08
Weather Guard Emulsion/Clear,443.75,443.75 Brper lt,lt,"Aug 1, 2023",,Sanitary,2merkato.com,2026-02-19 16:44:08
Decra Roof Coating Basecoat,150.0,150.00 Brper lt,lt,"Aug 1, 2023",,Sanitary,2merkato.com,2026-02-19 16:44:08
Premium Acyrylic Wall Putty,96.75,96.75 Brper lt,lt,"Aug 1, 2023",,Sanitary,2merkato.com,2026-02-19 16:44:08
Exterior Wall Primer,71.88,71.88 Brper lt,lt,"Aug 1, 2023",,Sanitary,2merkato.com,2026-02-19 16:44:08
Texture Paint (Quartz),109.38,109.38 Brper lt,lt,"Aug 1, 2023",,Sanitary,2merkato.com,2026-02-19 16:44:08
Stone Paint (Spray) CCD,193.75,193.75 Brper lt,lt,"Aug 1, 2023",,Sanitary,2merkato.com,2026-02-19 16:44:08
Texura Sparol (Spray paint),128.75,128.75 Brper lt,lt,"Aug 1, 2023",,Sanitary,2merkato.com,2026-02-19 16:44:08
Texture Paint (Quartz) Super White,109.38,109.38 Brper lt,lt,"Aug 1, 2023",,Sanitary,2merkato.com,2026-02-19 16:44:08
Anti Rust Primer,320.0,320.00 Brper kg,kg,"Aug 1, 2023",,Sanitary,2merkato.com,2026-02-19 16:44:08
Budget Synthetic Enamel,295.0,295.00 Brper kg,kg,"Aug 1, 2023",,Sanitary,2merkato.com,2026-02-19 16:44:08
Superset Anti rust Primer,305.0,305.00 Brper kg,kg,"Aug 1, 2023",,Sanitary,2merkato.com,2026-02-19 16:44:08
Superset Fast Dry Enamel,450.0,450.00 Brper kg,kg,"Aug 1, 2023",,Sanitary,2merkato.com,2026-02-19 16:44:08
Traffic Paint (Road Marking),412.0,412.00 Brper kg,kg,"Aug 1, 2023",,Sanitary,2merkato.com,2026-02-19 16:44:08
Timbercoat Alkyd Varnish,365.0,365.00 Brper kg,kg,"Aug 1, 2023",,Sanitary,2merkato.com,2026-02-19 16:44:08
Timbercoat Synthetic Wood Glue,293.75,293.75 Brper lt,lt,"Aug 1, 2023",,Sanitary,2merkato.com,2026-02-19 16:44:08
Timbercoat Nc Sealer,600.0,600.00 Brper kg,kg,"Aug 1, 2023",,Sanitary,2merkato.com,2026-02-19 16:44:08
Timbercoat Nc Paint,700.0,700.00 Brper kg,kg,"Aug 1, 2023",,Sanitary,2merkato.com,2026-02-19 16:44:08
Timbercoat 2K Pu Sealer,535.0,535.00 Brper kg,kg,"Aug 1, 2023",,Sanitary,2merkato.com,2026-02-19 16:44:08
Timbercoat 2K Pu White Primer,680.0,680.00 Brper kg,kg,"Aug 1, 2023",,Sanitary,2merkato.com,2026-02-19 16:44:08
Timbercoat 2K Pu Paint,815.0,815.00 Brper kg,kg,"Aug 1, 2023",,Sanitary,2merkato.com,2026-02-19 16:44:08
Timbercoat 2K Pu Lacquer Matt/Glossy,610.0,610.00 Brper kg,kg,"Aug 1, 2023",,Sanitary,2merkato.com,2026-02-19 16:44:08
Timbercoat 2k Pu Hardener,435.0,435.00 Brper kg,kg,"Aug 1, 2023",,Sanitary,2merkato.com,2026-02-19 16:44:08
Epoxy Primer,826.0,826.00 Brper kg,kg,"Aug 1, 2023",,Sanitary,2merkato.com,2026-02-19 16:44:08
Epoxy Primer Hardener,850.0,850.00 Brper kg,kg,"Aug 1, 2023",,Sanitary,2merkato.com,2026-02-19 16:44:08
Epoxy Topcoat Paint,1162.0,"1,162.00 Brper kg",kg,"Aug 1, 2023",,Sanitary,2merkato.com,2026-02-19 16:44:08
Epoxy Topcoat Paint Hardener,2200.0,"2,200.00 Brper kg",kg,"Aug 1, 2023",,Sanitary,2merkato.com,2026-02-19 16:44:08
Epoxy Silica Sand,15.0,15.00 Brper kg,kg,"Aug 1, 2023",,Sanitary,2merkato.com,2026-02-19 16:44:08
Epoxy Clear Topcoat(3KG),1137.0,"1,137.00 Brper kg",kg,"Aug 1, 2023",,Sanitary,2merkato.com,2026-02-19 16:44:08
Epoxy Clear Topcoat Paint Hardener,2200.0,"2,200.00 Brper kg",kg,"Aug 1, 2023",,Sanitary,2merkato.com,2026-02-19 16:44:08
Epoxy Zink Phosphate Primer,850.0,850.00 Brper kg,kg,"Aug 1, 2023",,Sanitary,2merkato.com,2026-02-19 16:44:08
Epoxy Zink Phosphate Hardner,850.0,850.00 Brper kg,kg,"Aug 1, 2023",,Sanitary,2merkato.com,2026-02-19 16:44:08
Epoxy Wall Paint (3KG),800.0,800.00 Brper kg,kg,"Aug 1, 2023",,Sanitary,2merkato.com,2026-02-19 16:44:08
Epoxy Wall Paint Hardener,850.0,850.00 Brper kg,kg,"Jun 1, 2023",,Sanitary,2merkato.com,2026-02-19 16:44:08
Epoxy Wood/Parquet Lacquer,850.0,850.00 Brper kg,kg,"Aug 1, 2023",,Sanitary,2merkato.com,2026-02-19 16:44:08
Epoxy Wood/Parquet Hardner,850.0,850.00 Brper kg,kg,"Aug 1, 2023",,Sanitary,2merkato.com,2026-02-19 16:44:08
Autocoat Polyester Putty,220.0,220.00 Brper kg,kg,"Aug 1, 2023",,Sanitary,2merkato.com,2026-02-19 16:44:08
Autocoat Nc Primer Grey,440.0,440.00 Brper kg,kg,"Aug 1, 2023",,Sanitary,2merkato.com,2026-02-19 16:44:08
Autocoat Nc Putty/Stucco,420.0,420.00 Brper kg,kg,"Aug 1, 2023",,Sanitary,2merkato.com,2026-02-19 16:44:08
Autocoat 2K Pu Paint,720.0,720.00 Brper kg,kg,"Aug 1, 2023",,Sanitary,2merkato.com,2026-02-19 16:44:08
Autocoat Nc Paint,490.0,490.00 Brper kg,kg,"Aug 1, 2023",,Sanitary,2merkato.com,2026-02-19 16:44:08
Super Synthetic Enamel,345.0,345.00 Brper kg,kg,"Aug 1, 2023",,Sanitary,2merkato.com,2026-02-19 16:44:08
"Metal Distribution board, FM, 8  with lockable door",1825.0,"1,825.00 Brper pcs",pcs,"Dec 1, 2023",,Electrical,2merkato.com,2026-02-19 16:44:17
"Metal Distribution board, FM, 12 with lockable door",3000.0,"3,000.00 Brper pcs",pcs,"Dec 1, 2023",,Electrical,2merkato.com,2026-02-19 16:44:17
"Metal Distribution board, FM, 24 with lockable door",4820.0,"4,820.00 Brper pcs",pcs,"Dec 1, 2023",,Electrical,2merkato.com,2026-02-19 16:44:17
"Metal Distribution board, FM, 36 with lockable door",5530.0,"5,530.00 Brper pcs",pcs,"Dec 1, 2023",,Electrical,2merkato.com,2026-02-19 16:44:17
Conduit flexible: diameter - 13mm,23.0,23.00 Brper pcs,pcs,"Dec 1, 2023",,Electrical,2merkato.com,2026-02-19 16:44:17
Conduit flexible: diameter - 16mm,25.0,25.00 Brper pcs,pcs,"Dec 1, 2023",,Electrical,2merkato.com,2026-02-19 16:44:17
Conduit flexible: diameter - 19mm,50.0,50.00 Brper pcs,pcs,"Dec 1, 2023",,Electrical,2merkato.com,2026-02-19 16:44:17
Conduit rigid: diameter - 19mm,48.0,48.00 Brper pcs,pcs,"Dec 1, 2023",,Electrical,2merkato.com,2026-02-19 16:44:17
Conduit rigid: diameter - 32mm,100.0,100.00 Brper pcs,pcs,"Dec 1, 2023",,Electrical,2merkato.com,2026-02-19 16:44:17
PVC Insulated Conductor: 2.5mm2,175.0,175.00 Brper m,m,"Dec 1, 2023",,Electrical,2merkato.com,2026-02-19 16:44:17
PVC Insulated Conductor: 4mm2,335.0,335.00 Brper m,m,"Dec 1, 2023",,Electrical,2merkato.com,2026-02-19 16:44:17
Single switch,540.0,540.00 Brper pcs,pcs,"Dec 1, 2023",,Electrical,2merkato.com,2026-02-19 16:44:17
Double switch,400.0,400.00 Brper pcs,pcs,"Dec 1, 2023",,Electrical,2merkato.com,2026-02-19 16:44:17
Single switch with bell,650.0,650.00 Brper pcs,pcs,"Dec 1, 2023",,Electrical,2merkato.com,2026-02-19 16:44:17
Double switch with bell,425.0,425.00 Brper pcs,pcs,"Dec 1, 2023",,Electrical,2merkato.com,2026-02-19 16:44:17
Single socket,535.0,535.00 Brper pcs,pcs,"Dec 1, 2023",,Electrical,2merkato.com,2026-02-19 16:44:17
Double socket with TV,450.0,450.00 Brper pcs,pcs,"Dec 1, 2023",,Electrical,2merkato.com,2026-02-19 16:44:17
Triple socket,630.0,630.00 Brper pcs,pcs,"Dec 1, 2023",,Electrical,2merkato.com,2026-02-19 16:44:17
Socket with tv,560.0,560.00 Brper pcs,pcs,"Dec 1, 2023",,Electrical,2merkato.com,2026-02-19 16:44:17
Automatic circuit breaker: 6 Amp - single phase,253.0,253.00 Brper pcs,pcs,"Dec 1, 2023",,Electrical,2merkato.com,2026-02-19 16:44:17
Automatic circuit breaker: 10 Amp - single phase,325.0,325.00 Brper pcs,pcs,"Dec 1, 2023",,Electrical,2merkato.com,2026-02-19 16:44:17
Automatic circuit breaker: 16 Amp - single phase,320.0,320.00 Brper pcs,pcs,"Dec 1, 2023",,Electrical,2merkato.com,2026-02-19 16:44:17
Automatic circuit breaker: 20 Amp - single phase,315.0,315.00 Brper pcs,pcs,"Dec 1, 2023",,Electrical,2merkato.com,2026-02-19 16:44:17
Automatic circuit breaker: 25 Amp - single phase,350.0,350.00 Brper pcs,pcs,"Dec 1, 2023",,Electrical,2merkato.com,2026-02-19 16:44:17
Automatic circuit breaker: 32 Amp - single phase,325.0,325.00 Brper pcs,pcs,"Dec 1, 2023",,Electrical,2merkato.com,2026-02-19 16:44:17
Automatic circuit breaker: 25 Amp - three phase,1442.0,"1,442.00 Brper pcs",pcs,"Dec 1, 2023",,Electrical,2merkato.com,2026-02-19 16:44:17
Automatic circuit breaker: 32 Amp - three phase,1425.0,"1,425.00 Brper pcs",pcs,"Dec 1, 2023",,Electrical,2merkato.com,2026-02-19 16:44:17
Automatic circuit breaker: 40 Amp - single phase,420.0,420.00 Brper pcs,pcs,"Dec 1, 2023",,Electrical,2merkato.com,2026-02-19 16:44:17
Automatic circuit breaker: 50 Amp - three phase,1520.0,"1,520.00 Brper pcs",pcs,"Dec 1, 2023",,Electrical,2merkato.com,2026-02-19 16:44:17
Automatic circuit breaker: 63 Amp - three phase,1520.0,"1,520.00 Brper pcs",pcs,"Dec 1, 2023",,Electrical,2merkato.com,2026-02-19 16:44:17
Junction box: 6 x 10,30.0,30.00 Brper pcs,pcs,"Dec 1, 2023",,Electrical,2merkato.com,2026-02-19 16:44:17
Junction box: 10 x 15,90.0,90.00 Brper pcs,pcs,"Dec 1, 2023",,Electrical,2merkato.com,2026-02-19 16:44:17
Junction box: 15 x 20,110.0,110.00 Brper pcs,pcs,"Dec 1, 2023",,Electrical,2merkato.com,2026-02-19 16:44:17
Junction box: 15 x 30,305.0,305.00 Brper pcs,pcs,"Dec 1, 2023",,Electrical,2merkato.com,2026-02-19 16:44:17
"Junction box: water proof, φ85 - SCAME ( Dama Trade)",220.0,220.00 Brper pcs,pcs,"Dec 1, 2023",,Electrical,2merkato.com,2026-02-19 16:44:17
Junction box: φ85,110.0,110.00 Brper pcs,pcs,"Dec 1, 2023",,Electrical,2merkato.com,2026-02-19 16:44:17
Connectors no 7,400.0,400.00 Brper pcs,pcs,"Feb 1, 2023",,Electrical,2merkato.com,2026-02-19 16:44:17
Cable: 4 x 3 (diameter 4mm of three wires),480.0,480.00 Brper m,m,"Dec 1, 2023",,Electrical,2merkato.com,2026-02-19 16:44:17
Cable: 6 x 3 (diameter 6mm of three wires),522.0,522.00 Brper m,m,"Dec 1, 2023",,Electrical,2merkato.com,2026-02-19 16:44:17
Cable: 6 x 5 (diameter 6mm of five wires),1070.0,"1,070.00 Brper m",m,"Dec 1, 2023",,Electrical,2merkato.com,2026-02-19 16:44:17
Cable: 10 x 3 (diameter 10mm of three wires),964.0,964.00 Brper m,m,"Dec 1, 2023",,Electrical,2merkato.com,2026-02-19 16:44:17
Cable: 10 x 5 (diameter 10mm of five wires),1575.0,"1,575.00 Brper m",m,"Dec 1, 2023",,Electrical,2merkato.com,2026-02-19 16:44:17
TV cable wire,450.0,450.00 Brper m,m,"Dec 1, 2023",,Electrical,2merkato.com,2026-02-19 16:44:17
Telephone wire,250.0,250.00 Brper m,m,"Dec 1, 2023",,Electrical,2merkato.com,2026-02-19 16:44:17
Insulating tape,275.0,275.00 Brper pcs,pcs,"Dec 1, 2023",,Electrical,2merkato.com,2026-02-19 16:44:17
"Plastic Distribution board, FM, 8 with lockable door",637.0,637.00 Brper pcs,pcs,"Dec 1, 2023",,Electrical,2merkato.com,2026-02-19 16:44:17
"Plastic Distribution board, FM, 12 with lockable door",985.0,985.00 Brper pcs,pcs,"Dec 1, 2023",,Electrical,2merkato.com,2026-02-19 16:44:17
"Plastic Distribution board, FM, 16 with lockable door",1725.0,"1,725.00 Brper pcs",pcs,"Dec 1, 2023",,Electrical,2merkato.com,2026-02-19 16:44:17
"Plastic Distribution board, FM, 24 with lockable door",1970.0,"1,970.00 Brper pcs",pcs,"Dec 1, 2023",,Electrical,2merkato.com,2026-02-19 16:44:17
"Plastic Distribution board, FM, 36 with lockable door",3832.0,"3,832.00 Brper pcs",pcs,"Dec 1, 2023",,Electrical,2merkato.com,2026-02-19 16:44:17
Light fitting: 2x40w Louver,3000.0,"3,000.00 Brper pcs",pcs,"Dec 1, 2023",,Electrical,2merkato.com,2026-02-19 16:44:17
Light fitting: RZB -18W,3500.0,"3,500.00 Brper pcs",pcs,"Dec 1, 2023",,Electrical,2merkato.com,2026-02-19 16:44:17
Bell,355.0,355.00 Brper pcs,pcs,"Dec 1, 2023",,Electrical,2merkato.com,2026-02-19 16:44:17
Conduit rigid: diameter - 25mm,81.0,81.00 Brper pcs,pcs,"Dec 1, 2023",,Electrical,2merkato.com,2026-02-19 16:44:17
Automatic circuit breaker: 50 -63Amp - single phase,330.0,330.00 Brper pcs,pcs,"Dec 1, 2023",,Electrical,2merkato.com,2026-02-19 16:44:17
Automatic circuit breaker: 6A-40Amp - three phase,1415.0,"1,415.00 Brper pcs",pcs,"Dec 1, 2023",,Electrical,2merkato.com,2026-02-19 16:44:17
Automatic circuit breaker: 80 Amp - three phase,3850.0,"3,850.00 Brper pcs",pcs,"Dec 1, 2023",,Electrical,2merkato.com,2026-02-19 16:44:17
Automatic circuit breaker: 100 Amp - three phase,3855.0,"3,855.00 Brper pcs",pcs,"Dec 1, 2023",,Electrical,2merkato.com,2026-02-19 16:44:17
Automatic circuit breaker: 125 Amp - three phase,4050.0,"4,050.00 Brper pcs",pcs,"Dec 1, 2023",,Electrical,2merkato.com,2026-02-19 16:44:17
Automatic circuit breaker: 150A-160Amp - three phase,7100.0,"7,100.00 Brper pcs",pcs,"Dec 1, 2023",,Electrical,2merkato.com,2026-02-19 16:44:17
"metal Distribution board, FM, 48with lockable door",7535.0,"7,535.00 Brper pcs",pcs,"Dec 1, 2023",,Electrical,2merkato.com,2026-02-19 16:44:17
Automatic circuit breaker: 60 Amp - three phase,1518.0,"1,518.00 Brper pcs",pcs,"Dec 1, 2023",,Electrical,2merkato.com,2026-02-19 16:44:17
"plastic Distribution board, FM, 4 with lockable door",372.0,372.00 Brper pcs,pcs,"Dec 1, 2023",,Electrical,2merkato.com,2026-02-19 16:44:17
Hand Wash Basin: 45cm x 55cm  (AQUA),10000.0,"10,000.00 Brper pcs",pcs,"Oct 1, 2023",,Tiles & Ceramics,2merkato.com,2026-02-19 16:44:25
Hand Wash Basin: 50cm x 60cm  (Gold dragon - sealed),19052.0,"19,052.00 Brper pcs",pcs,"Jul 1, 2024",,Tiles & Ceramics,2merkato.com,2026-02-19 16:44:25
Water Closet: low flash  (AQUA),15000.0,"15,000.00 Brper pcs",pcs,"Oct 1, 2023",,Tiles & Ceramics,2merkato.com,2026-02-19 16:44:25
Water Closet: low flash (Tabor Ceramic),26185.0,"26,185.00 Brper pcs",pcs,"Jul 1, 2024",,Tiles & Ceramics,2merkato.com,2026-02-19 16:44:25
Water Closet: low flash (Gold Dragon),20500.0,"20,500.00 Brper pcs",pcs,"Oct 1, 2023",,Tiles & Ceramics,2merkato.com,2026-02-19 16:44:25
Water Closet: high level flashing (Turkish type),4500.0,"4,500.00 Brper pcs",pcs,"Oct 1, 2023",,Tiles & Ceramics,2merkato.com,2026-02-19 16:44:25
Shower tray: 70 x 70 cm (Smavit),12911.0,"12,911.00 Brper pcs",pcs,"Jul 1, 2024",,Tiles & Ceramics,2merkato.com,2026-02-19 16:44:25
Water boiler: 50 Lit. capacity (Ariston),29000.0,"29,000.00 Brper pcs",pcs,"Jul 1, 2024",,Tiles & Ceramics,2merkato.com,2026-02-19 16:44:25
Water boiler: 80 Lit. Capacity,38000.0,"38,000.00 Brper pcs",pcs,"Jul 1, 2024",,Tiles & Ceramics,2merkato.com,2026-02-19 16:44:25
"Kitchen sink: single bowel, 50 x 120",6000.0,"6,000.00 Brper pcs",pcs,"Oct 1, 2023",,Tiles & Ceramics,2merkato.com,2026-02-19 16:44:25
"Kitchen sink: double bowel, 50 x 120 (Aqua)",3700.0,"3,700.00 Brper pcs",pcs,"Oct 1, 2023",,Tiles & Ceramics,2merkato.com,2026-02-19 16:44:25
"Kitchen sink: double bowel, 50 x 120 (Milano)",5500.0,"5,500.00 Brper pcs",pcs,"Oct 1, 2023",,Tiles & Ceramics,2merkato.com,2026-02-19 16:44:25
Flexible pipe: 45cm long,850.0,850.00 Brper pcs,pcs,"Jul 1, 2024",,Tiles & Ceramics,2merkato.com,2026-02-19 16:44:25
Flexible pipe: 60cm long,850.0,850.00 Brper pcs,pcs,"Jul 1, 2024",,Tiles & Ceramics,2merkato.com,2026-02-19 16:44:25
Floor drain: 10cm x10cm chrome plated,825.0,825.00 Brper pcs,pcs,"Jul 1, 2024",,Tiles & Ceramics,2merkato.com,2026-02-19 16:44:25
Solar water heater: 200 Lit,8500.0,"8,500.00 Brper pcs",pcs,"Oct 1, 2023",,Tiles & Ceramics,2merkato.com,2026-02-19 16:44:25
Water tanker: 2000lt fiber glass,12200.0,"12,200.00 Brper pcs",pcs,"Oct 1, 2023",,Tiles & Ceramics,2merkato.com,2026-02-19 16:44:25
"uPVC Pipe: φ50, 2.2mm thick",985.0,985.00 Brper pcs,pcs,"Jul 1, 2024",,Tiles & Ceramics,2merkato.com,2026-02-19 16:44:25
PVC Pipe: φ75  2.2mm thick,1450.0,"1,450.00 Brper pcs",pcs,"Jul 1, 2024",,Tiles & Ceramics,2merkato.com,2026-02-19 16:44:25
PVC Pipe: φ110  2.2mm thick,2600.0,"2,600.00 Brper pcs",pcs,"Jul 1, 2024",,Tiles & Ceramics,2merkato.com,2026-02-19 16:44:25
PVC Pipe: φ160  2.2mm thick,4945.0,"4,945.00 Brper pcs",pcs,"Jul 1, 2024",,Tiles & Ceramics,2merkato.com,2026-02-19 16:44:25
PVC Pipe: φ200  2.2mm thick,7800.0,"7,800.00 Brper pcs",pcs,"Jul 1, 2024",,Tiles & Ceramics,2merkato.com,2026-02-19 16:44:25
"PVC elbow: φ50, 90 degree - double ring",283.0,283.00 Brper pcs,pcs,"Jul 1, 2024",,Tiles & Ceramics,2merkato.com,2026-02-19 16:44:25
"PVC elbow: φ50, 45 degree - double ring",283.0,283.00 Brper pcs,pcs,"Jul 1, 2024",,Tiles & Ceramics,2merkato.com,2026-02-19 16:44:25
PVC Y: φ50 double ring,408.0,408.00 Brper pcs,pcs,"Jul 1, 2024",,Tiles & Ceramics,2merkato.com,2026-02-19 16:44:25
PVC reducer: 110-50  double ring,408.0,408.00 Brper pcs,pcs,"Jul 1, 2024",,Tiles & Ceramics,2merkato.com,2026-02-19 16:44:25
PVC T: φ110 double ring,942.0,942.00 Brper pcs,pcs,"Jul 1, 2024",,Tiles & Ceramics,2merkato.com,2026-02-19 16:44:25
PVC Elbow: φ110 double ring,471.0,471.00 Brper pcs,pcs,"Jul 1, 2024",,Tiles & Ceramics,2merkato.com,2026-02-19 16:44:25
PPR pipe: 1 1/4 inch (32mm) - 1PPR is 4m long,4010.0,"4,010.00 Brper pcs",pcs,"Jul 1, 2024",,Tiles & Ceramics,2merkato.com,2026-02-19 16:44:25
PPR pipe: 1 inch (25mm) - 1PPR is 4m long,2021.0,"2,021.00 Brper pcs",pcs,"Jul 1, 2024",,Tiles & Ceramics,2merkato.com,2026-02-19 16:44:25
PPR pipe: 3/4 inch (20mm) - 1PPR is 4m long,1685.0,"1,685.00 Brper pcs",pcs,"Jul 1, 2024",,Tiles & Ceramics,2merkato.com,2026-02-19 16:44:25
PPR pipe: 1/2 inch (15mm) - 1PPR is 4m long,754.0,754.00 Brper pcs,pcs,"Jul 1, 2024",,Tiles & Ceramics,2merkato.com,2026-02-19 16:44:25
PPR female elbow: 3/4 inch (20mm),481.0,481.00 Brper pcs,pcs,"Jul 1, 2024",,Tiles & Ceramics,2merkato.com,2026-02-19 16:44:25
PPR female T: 3/4 inch,516.0,516.00 Brper pcs,pcs,"Jul 1, 2024",,Tiles & Ceramics,2merkato.com,2026-02-19 16:44:25
PPR female union: 3/4 inch (20mm),1924.0,"1,924.00 Brper pcs",pcs,"Jul 1, 2024",,Tiles & Ceramics,2merkato.com,2026-02-19 16:44:26
PPR normal elbow: 3/4 inch (25mm),145.0,145.00 Brper pcs,pcs,"Jul 1, 2024",,Tiles & Ceramics,2merkato.com,2026-02-19 16:44:26
PPR normal elbow: 1 1/4 inch (32mm),242.0,242.00 Brper pcs,pcs,"Jul 1, 2024",,Tiles & Ceramics,2merkato.com,2026-02-19 16:44:26
PPR normal elbow: 1 inch (25mm),172.0,172.00 Brper pcs,pcs,"Jul 1, 2024",,Tiles & Ceramics,2merkato.com,2026-02-19 16:44:26
PPR normal T: 3/4 inch (20mm),145.0,145.00 Brper pcs,pcs,"Jul 1, 2024",,Tiles & Ceramics,2merkato.com,2026-02-19 16:44:26
PPR normal T: 1 inch (25mm),145.0,145.00 Brper pcs,pcs,"Jul 1, 2024",,Tiles & Ceramics,2merkato.com,2026-02-19 16:44:26
PPR normal: T 1 1/4 inch (32mm),172.0,172.00 Brper pcs,pcs,"Jul 1, 2024",,Tiles & Ceramics,2merkato.com,2026-02-19 16:44:26
PPR reducer: 25mm - 20mm,110.0,110.00 Brper pcs,pcs,"Jul 1, 2024",,Tiles & Ceramics,2merkato.com,2026-02-19 16:44:26
PPR reducer: 32mm - 25mm,172.0,172.00 Brper pcs,pcs,"Jul 1, 2024",,Tiles & Ceramics,2merkato.com,2026-02-19 16:44:26
Plug: 1/2 inch galvanized steel,65.0,65.00 Brper pcs,pcs,"Jul 1, 2024",,Tiles & Ceramics,2merkato.com,2026-02-19 16:44:26
Plug: 3/4 inch galvanized steel,87.0,87.00 Brper pcs,pcs,"Jul 1, 2024",,Tiles & Ceramics,2merkato.com,2026-02-19 16:44:26
Plug: 1 inch galvanized steel,95.0,95.00 Brper pcs,pcs,"Jul 1, 2024",,Tiles & Ceramics,2merkato.com,2026-02-19 16:44:26
Chrome Gate valve: φ20 - 1/2 inch,1715.0,"1,715.00 Brper pcs",pcs,"Oct 1, 2023",,Tiles & Ceramics,2merkato.com,2026-02-19 16:44:26
Chrome Gate valve: φ22.5 - 3/4 inch,1910.0,"1,910.00 Brper pcs",pcs,"Oct 1, 2023",,Tiles & Ceramics,2merkato.com,2026-02-19 16:44:26
Chrome Gate valve: φ32 - 1 inch,2710.0,"2,710.00 Brper pcs",pcs,"Oct 1, 2023",,Tiles & Ceramics,2merkato.com,2026-02-19 16:44:26
Chrome Gate valve: φ40 - 1 1/4 inch,2010.0,"2,010.00 Brper pcs",pcs,"Oct 1, 2023",,Tiles & Ceramics,2merkato.com,2026-02-19 16:44:26
Angle Valve: 3/4 inch (20mm),585.0,585.00 Brper pcs,pcs,"Oct 1, 2023",,Tiles & Ceramics,2merkato.com,2026-02-19 16:44:26
Angle Valve: 1 inch (25mm),610.0,610.00 Brper pcs,pcs,"Oct 1, 2023",,Tiles & Ceramics,2merkato.com,2026-02-19 16:44:26
Float valve: 20mm (3/4 inch),2214.0,"2,214.00 Brper pcs",pcs,"Jul 1, 2024",,Tiles & Ceramics,2merkato.com,2026-02-19 16:44:26
Flexible pipe (long ),310.0,310.00 Brper pcs,pcs,"Oct 1, 2023",,Tiles & Ceramics,2merkato.com,2026-02-19 16:44:26
Teflon,90.0,90.00 Brper pcs,pcs,"Jul 1, 2024",,Tiles & Ceramics,2merkato.com,2026-02-19 16:44:26
PVC glue,800.0,800.00 Brper kg,kg,"Jun 1, 2023",,Tiles & Ceramics,2merkato.com,2026-02-19 16:44:26
HDPE pipe: 20mm (3/4 inch),70.0,70.00 Brper m,m,"Jul 1, 2024",,Tiles & Ceramics,2merkato.com,2026-02-19 16:44:26
HDPE pipe: 25mm (1 inch),120.0,120.00 Brper pcs,pcs,"Jul 1, 2024",,Tiles & Ceramics,2merkato.com,2026-02-19 16:44:26
HDPE pipe: 32mm (1 1/4 inch),178.0,178.00 Brper m,m,"Jul 1, 2024",,Tiles & Ceramics,2merkato.com,2026-02-19 16:44:26
HDPE elbow: 25mm (1 inch),350.0,350.00 Brper pcs,pcs,"Jul 1, 2024",,Tiles & Ceramics,2merkato.com,2026-02-19 16:44:26
HDPE male socket: 25mm (1 inch),400.0,400.00 Brper pcs,pcs,"Jul 1, 2024",,Tiles & Ceramics,2merkato.com,2026-02-19 16:44:26
HDPE male socket: 32mm (1 1/4 inch),650.0,650.00 Brper pcs,pcs,"Jul 1, 2024",,Tiles & Ceramics,2merkato.com,2026-02-19 16:44:26
HDPE elbow: 32mm (1 1/4 inch),650.0,650.00 Brper pcs,pcs,"Jul 1, 2024",,Tiles & Ceramics,2merkato.com,2026-02-19 16:44:26
HDPE T: 32mm (1 1/4 inch),650.0,650.00 Brper pcs,pcs,"Jul 1, 2024",,Tiles & Ceramics,2merkato.com,2026-02-19 16:44:26
HDPE male adaptor:  3/4 inch,289.0,289.00 Brper pcs,pcs,"Jul 1, 2024",,Tiles & Ceramics,2merkato.com,2026-02-19 16:44:26
HDPE elbow: 90 degree 3/4 inch,250.0,250.00 Brper pcs,pcs,"Jul 1, 2024",,Tiles & Ceramics,2merkato.com,2026-02-19 16:44:26
Galvanized pipe: 1/2 inch,1345.0,"1,345.00 Brper pcs",pcs,"Oct 1, 2023",,Tiles & Ceramics,2merkato.com,2026-02-19 16:44:26
Galvanized pipe: 3/4 inch,2300.0,"2,300.00 Brper pcs",pcs,"Jul 1, 2024",,Tiles & Ceramics,2merkato.com,2026-02-19 16:44:26
Galvanized pipe: 1 inch,3100.0,"3,100.00 Brper pcs",pcs,"Jul 1, 2024",,Tiles & Ceramics,2merkato.com,2026-02-19 16:44:26
Galvanized pipe: 2 inch,6800.0,"6,800.00 Brper pcs",pcs,"Jul 1, 2024",,Tiles & Ceramics,2merkato.com,2026-02-19 16:44:26
Gate valve: 1/2 inch,1300.0,"1,300.00 Brper pcs",pcs,"Jul 1, 2024",,Tiles & Ceramics,2merkato.com,2026-02-19 16:44:26
Gate valve: 3/4 inch,1800.0,"1,800.00 Brper pcs",pcs,"Jul 1, 2024",,Tiles & Ceramics,2merkato.com,2026-02-19 16:44:26
T: 1/2 inch,50.0,50.00 Brper pcs,pcs,"Oct 1, 2023",,Tiles & Ceramics,2merkato.com,2026-02-19 16:44:26
T: 3/4 inch,75.0,75.00 Brper pcs,pcs,"Oct 1, 2023",,Tiles & Ceramics,2merkato.com,2026-02-19 16:44:26
T: 1 inch,83.0,83.00 Brper pcs,pcs,"Oct 1, 2023",,Tiles & Ceramics,2merkato.com,2026-02-19 16:44:26
Nipples: 1/2 inch,70.0,70.00 Brper pcs,pcs,"Jul 1, 2024",,Tiles & Ceramics,2merkato.com,2026-02-19 16:44:26
Nipples: 3/4 inch,85.0,85.00 Brper pcs,pcs,"Jul 1, 2024",,Tiles & Ceramics,2merkato.com,2026-02-19 16:44:26
Nipples: 25mm (1 inch),125.0,125.00 Brper pcs,pcs,"Jul 1, 2024",,Tiles & Ceramics,2merkato.com,2026-02-19 16:44:26
Socket: 20mm (3/4 inch),91.0,91.00 Brper pcs,pcs,"Jun 1, 2023",,Tiles & Ceramics,2merkato.com,2026-02-19 16:44:26
PVC 110 mm clamp,248.0,248.00 Brper pcs,pcs,"Jul 1, 2024",,Tiles & Ceramics,2merkato.com,2026-02-19 16:44:26
Gate valve: 1 inch,2600.0,"2,600.00 Brper pcs",pcs,"Jul 1, 2024",,Tiles & Ceramics,2merkato.com,2026-02-19 16:44:26
PPR Female Elbow: 3/4 inch (25mm),481.0,481.00 Brper pcs,pcs,"Jul 1, 2024",,Tiles & Ceramics,2merkato.com,2026-02-19 16:44:26
PPR Female T: 1 inch,1518.0,"1,518.00 Brper pcs",pcs,"Jul 1, 2024",,Tiles & Ceramics,2merkato.com,2026-02-19 16:44:26
Water tanker: 1500 lit fiber glass,15000.0,"15,000.00 Brper pcs",pcs,"Oct 1, 2023",,Tiles & Ceramics,2merkato.com,2026-02-19 16:44:26
Water tanker: 1000 lit fiber glass,12500.0,"12,500.00 Brper pcs",pcs,"Oct 1, 2023",,Tiles & Ceramics,2merkato.com,2026-02-19 16:44:26
Water tanker: 4000lt fiber glass,33500.0,"33,500.00 Brper pcs",pcs,"Oct 1, 2023",,Tiles & Ceramics,2merkato.com,2026-02-19 16:44:26
Water tanker: 5000lt fiber glass,40000.0,"40,000.00 Brper pcs",pcs,"Oct 1, 2023",,Tiles & Ceramics,2merkato.com,2026-02-19 16:44:26
Angle Valve: 1/2 inch (15mm),985.0,985.00 Brper pcs,pcs,"Jul 1, 2024",,Tiles & Ceramics,2merkato.com,2026-02-19 16:44:26
Water tanker: 20000lt fiber glass,146500.0,"146,500.00 Brper pcs",pcs,"Oct 1, 2023",,Tiles & Ceramics,2merkato.com,2026-02-19 16:44:26
Water tanker: 3000lt fiber glass,23000.0,"23,000.00 Brper pcs",pcs,"Oct 1, 2023",,Tiles & Ceramics,2merkato.com,2026-02-19 16:44:26
Water tanker: 15000lt fiber glass,130000.0,"130,000.00 Brper pcs",pcs,"Oct 1, 2023",,Tiles & Ceramics,2merkato.com,2026-02-19 16:44:26
Water tanker: 25000lt fiber glass,136100.0,"136,100.00 Brper pcs",pcs,"Oct 1, 2023",,Tiles & Ceramics,2merkato.com,2026-02-19 16:44:26
Water tanker: 2000lt Supper Double T,14000.0,"14,000.00 Brper pcs",pcs,"Oct 1, 2023",,Tiles & Ceramics,2merkato.com,2026-02-19 16:44:26
Shower head with arm,1863.0,"1,863.00 Brper pcs",pcs,"Jul 1, 2024",,Tiles & Ceramics,2merkato.com,2026-02-19 16:44:26
Gutter-G-28 Galvanized Steel Recta. Downpipe Development Length 33 cm,420.0,420.00 Brper m,m,"May 29, 2024",,Roofing & Ceiling,2merkato.com,2026-02-19 16:44:49
Gutter-G-28 Galvanized Steel Recta. Downpipe Development Length 50 cm,575.0,575.00 Brper m,m,"May 29, 2024",,Roofing & Ceiling,2merkato.com,2026-02-19 16:44:49
Gutter-G-28 Galvanized Iron Sheet - Gutter of Development Length 33 cm,420.0,420.00 Brper m,m,"May 29, 2024",,Roofing & Ceiling,2merkato.com,2026-02-19 16:44:49
Gutter-G-28 Galvanized Iron Sheet - Gutter of Development Length 50 cm,889.0,889.00 Brper m,m,"Mar 1, 2024",,Roofing & Ceiling,2merkato.com,2026-02-19 16:44:49
Gutter-G-28 Galvanized Iron Sheet - Gutter of Development Length 67 cm,744.0,744.00 Brper m,m,"May 29, 2024",,Roofing & Ceiling,2merkato.com,2026-02-19 16:44:49
Gutter-G-28 Galvanized Iron Sheet - Gutter of Development Length 100 cm,993.0,993.00 Brper m,m,"May 29, 2024",,Roofing & Ceiling,2merkato.com,2026-02-19 16:44:49
15 cm Wide Faciaboard,600.0,600.00 Brper m,m,"May 29, 2024",,Roofing & Ceiling,2merkato.com,2026-02-19 16:44:49
20 cm. Wide Faciaboard,650.0,650.00 Brper m,m,"May 29, 2024",,Roofing & Ceiling,2merkato.com,2026-02-19 16:44:49
G28 Corrugated Galvanized Iron Sheet - Akaki,1335.0,"1,335.00 Brper pcs",pcs,"Mar 1, 2024",,Roofing & Ceiling,2merkato.com,2026-02-19 16:44:49
G28 Corrugated Galvanized Iron Sheet - KOSPI,1250.0,"1,250.00 Brper pcs",pcs,"Mar 1, 2024",,Roofing & Ceiling,2merkato.com,2026-02-19 16:44:49
G30 Corrugated Galvanized Iron Sheet - Akaki,1275.0,"1,275.00 Brper pcs",pcs,"Mar 1, 2024",,Roofing & Ceiling,2merkato.com,2026-02-19 16:44:49
G32 Corrugated Galvanized Iron Sheet - Akaki,1185.0,"1,185.00 Brper pcs",pcs,"Mar 1, 2024",,Roofing & Ceiling,2merkato.com,2026-02-19 16:44:49
G32 Corrugated Galvanized Iron Sheet - KOSPI,1100.0,"1,100.00 Brper pcs",pcs,"Mar 1, 2024",,Roofing & Ceiling,2merkato.com,2026-02-19 16:44:49
G35 Corrugated Galvanized Iron Sheet - Akaki,1000.0,"1,000.00 Brper pcs",pcs,"Mar 1, 2024",,Roofing & Ceiling,2merkato.com,2026-02-19 16:44:49
G35 Corrugated Galvanized Iron Sheet - KOSPI,900.0,900.00 Brper pcs,pcs,"Mar 1, 2024",,Roofing & Ceiling,2merkato.com,2026-02-19 16:44:49
Roofing Nails,450.0,450.00 Brper kg,kg,"May 29, 2024",,Roofing & Ceiling,2merkato.com,2026-02-19 16:44:49
Fixing Bands,350.0,350.00 Brper kg,kg,"Mar 1, 2024",,Roofing & Ceiling,2merkato.com,2026-02-19 16:44:49
Coated EGA 300 with 0.4mm,1684.0,"1,684.00 Brper m2",m2,"May 29, 2024",,Roofing & Ceiling,2merkato.com,2026-02-19 16:44:49
Coated EGA 400 with 0.4mm,1710.0,"1,710.00 Brper m2",m2,"May 29, 2024",,Roofing & Ceiling,2merkato.com,2026-02-19 16:44:49
Coated EGA 500 with 0.4mm,1794.0,"1,794.00 Brper m2",m2,"May 29, 2024",,Roofing & Ceiling,2merkato.com,2026-02-19 16:44:49
EGA 500 & 4mm. Thick Galvanized,1375.0,"1,375.00 Brper m2",m2,"Mar 1, 2024",,Roofing & Ceiling,2merkato.com,2026-02-19 16:44:49
30 cm. Wide Faciaboard,640.0,640.00 Brper m,m,"May 29, 2024",,Roofing & Ceiling,2merkato.com,2026-02-19 16:44:49
Coated EGA 400 with 0.5mm,1809.0,"1,809.00 Brper lm",lm,"May 29, 2024",,Roofing & Ceiling,2merkato.com,2026-02-19 16:44:49
Coated EGA 500 with 0.5mm,1957.0,"1,957.00 Brper lm",lm,"May 29, 2024",,Roofing & Ceiling,2merkato.com,2026-02-19 16:44:49
"Copping-G-28 Galvanized Steel copping, Development Length 25 cm",322.94,322.94 Brper lm,lm,"May 29, 2024",,Roofing & Ceiling,2merkato.com,2026-02-19 16:44:49
"Copping-G-28 Galvanized Steel copping, Development Length 33 cm",402.0,402.00 Brper lm,lm,"May 29, 2024",,Roofing & Ceiling,2merkato.com,2026-02-19 16:44:49
"Copping-G-28 Galvanized Steel copping, Development Length 50 cm",558.0,558.00 Brper lm,lm,"May 29, 2024",,Roofing & Ceiling,2merkato.com,2026-02-19 16:44:49
"Copping-G-30 Galvanized Steel copping, Development Length 25 cm",248.0,248.00 Brper lm,lm,"May 29, 2024",,Roofing & Ceiling,2merkato.com,2026-02-19 16:44:49
"Copping-G-30 Galvanized Steel copping, Development Length 33 cm",300.77,300.77 Brper lm,lm,"May 29, 2024",,Roofing & Ceiling,2merkato.com,2026-02-19 16:44:49
"Copping-G-30 Galvanized Steel copping, Development Length 50 cm",402.0,402.00 Brper lm,lm,"May 29, 2024",,Roofing & Ceiling,2merkato.com,2026-02-19 16:44:49
EGA 300 Ribbed Sheet Roof Cover 80cm-0.30mm (32G),1485.0,"1,485.00 Brper lm",lm,"May 29, 2024",,Roofing & Ceiling,2merkato.com,2026-02-19 16:44:49
EGA 300 Ribbed Sheet Roof Cover 80cm-0.35mm (30G),1653.0,"1,653.00 Brper lm",lm,"May 29, 2024",,Roofing & Ceiling,2merkato.com,2026-02-19 16:44:49
EGA 300 Ribbed Sheet Roof Cover 80cm-0.40mm (28G),1681.0,"1,681.00 Brper lm",lm,"May 29, 2024",,Roofing & Ceiling,2merkato.com,2026-02-19 16:44:49
EGA 300 Ribbed Sheet Roof Cover 80cm-0.50mm (26G),1808.0,"1,808.00 Brper lm",lm,"May 29, 2024",,Roofing & Ceiling,2merkato.com,2026-02-19 16:44:49
EGA 400 Ribbed Sheet Roof Cover 77cm-0.30mm,1485.0,"1,485.00 Brper lm",lm,"May 29, 2024",,Roofing & Ceiling,2merkato.com,2026-02-19 16:44:49
EGA 400 Ribbed Sheet Roof Cover 77cm-0.35mm,1700.0,"1,700.00 Brper lm",lm,"May 29, 2024",,Roofing & Ceiling,2merkato.com,2026-02-19 16:44:49
EGA 400 Ribbed Sheet Roof Cover 77cm-0.40mm,1730.0,"1,730.00 Brper lm",lm,"May 29, 2024",,Roofing & Ceiling,2merkato.com,2026-02-19 16:44:49
EGA 400 Ribbed Sheet Roof Cover 77cm-0.50mm,1820.0,"1,820.00 Brper lm",lm,"May 29, 2024",,Roofing & Ceiling,2merkato.com,2026-02-19 16:44:49
EGA 500 Ribbed Sheet Roof Cover 71cm-0.30mm,1710.0,"1,710.00 Brper lm",lm,"May 29, 2024",,Roofing & Ceiling,2merkato.com,2026-02-19 16:44:49
EGA 500 Ribbed Sheet Roof Cover 71cm-0.35mm,1694.0,"1,694.00 Brper lm",lm,"May 29, 2024",,Roofing & Ceiling,2merkato.com,2026-02-19 16:44:49
EGA 500 Ribbed Sheet Roof Cover 71cm-0.40mm,1790.0,"1,790.00 Brper lm",lm,"May 29, 2024",,Roofing & Ceiling,2merkato.com,2026-02-19 16:44:49
EGA 500 Ribbed Sheet Roof Cover 71cm-0.50mm,1965.0,"1,965.00 Brper lm",lm,"May 29, 2024",,Roofing & Ceiling,2merkato.com,2026-02-19 16:44:49
EGA 600 Ribbed Sheet Roof Cover 67cm-0.30mm,1335.0,"1,335.00 Brper lm",lm,"May 29, 2024",,Roofing & Ceiling,2merkato.com,2026-02-19 16:44:49
EGA 600 Ribbed Sheet Roof Cover 67cm-0.35mm,1712.0,"1,712.00 Brper lm",lm,"May 29, 2024",,Roofing & Ceiling,2merkato.com,2026-02-19 16:44:49
EGA 600 Ribbed Sheet Roof Cover 67cm-0.40mm,1794.0,"1,794.00 Brper lm",lm,"May 29, 2024",,Roofing & Ceiling,2merkato.com,2026-02-19 16:44:49
EGA- 600 Ribbed Sheet Roof Cover- 67cmX0.50mm,1957.0,"1,957.00 Brper lm",lm,"May 29, 2024",,Roofing & Ceiling,2merkato.com,2026-02-19 16:44:49
EGA 700 Ribbed Sheet Roof Cover- 63cmX0.30mm,1766.0,"1,766.00 Brper lm",lm,"May 29, 2024",,Roofing & Ceiling,2merkato.com,2026-02-19 16:44:49
EGA 700 Ribbed Sheet Roof Cover- 63cmX0.35mm,1945.0,"1,945.00 Brper lm",lm,"May 29, 2024",,Roofing & Ceiling,2merkato.com,2026-02-19 16:44:49
EGA 700 Ribbed Sheet Roof Cover- 63cmX0.40mm,2074.0,"2,074.00 Brper lm",lm,"May 29, 2024",,Roofing & Ceiling,2merkato.com,2026-02-19 16:44:49
EGA 700 Ribbed Sheet Roof Cover- 63cmX0.50mm,2198.0,"2,198.00 Brper lm",lm,"May 29, 2024",,Roofing & Ceiling,2merkato.com,2026-02-19 16:44:49
Gutter-G-28 Galvanized Iron Sheet - Gutter of Development Length 40 cm,575.0,575.00 Brper lm,lm,"May 29, 2024",,Roofing & Ceiling,2merkato.com,2026-02-19 16:44:49
Gutter-G-28 Galvanized Steel Recta. Downpipe Development Length 40 cm,590.0,590.00 Brper lm,lm,"May 29, 2024",,Roofing & Ceiling,2merkato.com,2026-02-19 16:44:49
Gutter-G-30 Galvanized Iron Sheet - Gutter of Development Length 100 cm,726.0,726.00 Brper lm,lm,"May 29, 2024",,Roofing & Ceiling,2merkato.com,2026-02-19 16:44:49
Gutter-G-30 Galvanized Iron Sheet - Gutter of Development Length 33 cm,318.0,318.00 Brper lm,lm,"May 29, 2024",,Roofing & Ceiling,2merkato.com,2026-02-19 16:44:49
Gutter-G-30 Galvanized Iron Sheet - Gutter of Development Length 40 cm,420.0,420.00 Brper lm,lm,"May 29, 2024",,Roofing & Ceiling,2merkato.com,2026-02-19 16:44:49
Gutter-G-30 Galvanized Iron Sheet - Gutter of Development Length 50 cm,420.0,420.00 Brper lm,lm,"May 29, 2024",,Roofing & Ceiling,2merkato.com,2026-02-19 16:44:49
Gutter-G-30 Galvanized Iron Sheet - Gutter of Development Length 67 cm,540.0,540.00 Brper lm,lm,"May 29, 2024",,Roofing & Ceiling,2merkato.com,2026-02-19 16:44:49
Gutter-G-30 Galvanized Steel Recta. Downpipe Development Length 33 cm,318.0,318.00 Brper lm,lm,"May 29, 2024",,Roofing & Ceiling,2merkato.com,2026-02-19 16:44:49
Gutter-G-30 Galvanized Steel Recta. Downpipe Development Length 40 cm,425.0,425.00 Brper lm,lm,"May 29, 2024",,Roofing & Ceiling,2merkato.com,2026-02-19 16:44:49
"Gutter-G-30 Galvanized Steel recta. down pipe, Development Length 50 cm",438.0,438.00 Brper lm,lm,"May 29, 2024",,Roofing & Ceiling,2merkato.com,2026-02-19 16:44:49
"Metal Flashing-G-28 Galvanized Steel Flashing, Development Length 50 cm",769.0,769.00 Brper lm,lm,"May 29, 2024",,Roofing & Ceiling,2merkato.com,2026-02-19 16:44:49
"Metal Flashing-G-28 Galvanized Steel Flashing, Development Length 67 cm",942.0,942.00 Brper lm,lm,"May 29, 2024",,Roofing & Ceiling,2merkato.com,2026-02-19 16:44:49
"Metal Flashing-G-30 Galvanized Steel Flashing, Development Length 100 cm",902.0,902.00 Brper lm,lm,"May 29, 2024",,Roofing & Ceiling,2merkato.com,2026-02-19 16:44:49
"Metal Flashing-G-30 Galvanized Steel Flashing, Development Length 50 cm",609.0,609.00 Brper lm,lm,"May 29, 2024",,Roofing & Ceiling,2merkato.com,2026-02-19 16:44:49
"Metal Flashing-G-30 Galvanized Steel Flashing, Development Length 67 cm",710.0,710.00 Brper lm,lm,"May 29, 2024",,Roofing & Ceiling,2merkato.com,2026-02-19 16:44:49
Metal Flashing-Galvanized Sheet G-28 for Flashing 33cm,691.0,691.00 Brper pc,pc,"Mar 1, 2024",,Roofing & Ceiling,2merkato.com,2026-02-19 16:44:49
Metal Flashing-Galvanized Sheet G-28 for Flashing 50cm,907.0,907.00 Brper pc,pc,"Mar 1, 2024",,Roofing & Ceiling,2merkato.com,2026-02-19 16:44:49
Metal Flashing-Galvanized Sheet G-28 for Gutter 100cm,996.0,996.00 Brper pc,pc,"Mar 1, 2024",,Roofing & Ceiling,2merkato.com,2026-02-19 16:44:49
PVC Ceiling,600.0,600.00 Brper m2,m2,"Mar 1, 2024",,Roofing & Ceiling,2merkato.com,2026-02-19 16:44:49
"Roof Ridge-G-28 Galvanized Steel Roof Ridge, Development Length 33cm (0.4mm)",384.0,384.00 Brper lm,lm,"May 29, 2024",,Roofing & Ceiling,2merkato.com,2026-02-19 16:44:49
"Roof Ridge-G-28 Galvanized Steel Roof Ridge, Development Length 50 cm",540.0,540.00 Brper lm,lm,"May 29, 2024",,Roofing & Ceiling,2merkato.com,2026-02-19 16:44:49
"Roof Ridge-G-30 Galvanized Steel Roof Ridge, Development Length 50 cm",385.0,385.00 Brper lm,lm,"May 29, 2024",,Roofing & Ceiling,2merkato.com,2026-02-19 16:44:49
